TIME,JOINT_0_X, JOINT_0_Y, JOINT_0_Z,JOINT_1_X, JOINT_1_Y, JOINT_1_Z,JOINT_2_X, JOINT_2_Y, JOINT_2_Z,JOINT_3_X, JOINT_3_Y, JOINT_3_Z,JOINT_4_X, JOINT_4_Y, JOINT_4_Z,JOINT_5_X, JOINT_5_Y, JOINT_5_Z,JOINT_6_X, JOINT_6_Y, JOINT_6_Z,JOINT_7_X, JOINT_7_Y, JOINT_7_Z,JOINT_8_X, JOINT_8_Y, JOINT_8_Z,JOINT_9_X, JOINT_9_Y, JOINT_9_Z,JOINT_10_X, JOINT_10_Y, JOINT_10_Z,JOINT_11_X, JOINT_11_Y, JOINT_11_Z,JOINT_12_X, JOINT_12_Y, JOINT_12_Z,JOINT_13_X, JOINT_13_Y, JOINT_13_Z,JOINT_14_X, JOINT_14_Y, JOINT_14_Z,JOINT_15_X, JOINT_15_Y, JOINT_15_Z,JOINT_16_X, JOINT_16_Y, JOINT_16_Z,JOINT_17_X, JOINT_17_Y, JOINT_17_Z,JOINT_18_X, JOINT_18_Y, JOINT_18_Z,JOINT_19_X, JOINT_19_Y, JOINT_19_Z,JOINT_20_X, JOINT_20_Y, JOINT_20_Z
54,431.0028321213648, 362.1056773046396, -0.0007092803716659546,381.17030420219737, 364.8996536850656, -8.719460487365723,332.7965987030465, 353.28087915803565, -15.466188430786133,287.48320734512004, 347.1999660755347, -21.62738800048828,244.78014731833582, 352.9882032003128, -28.36764907836914,346.99724279660103, 277.61042079706385, -15.720146179199219,320.35617103556456, 232.2477480715834, -20.47022819519043,306.2279743154294, 201.56381661525722, -23.55939483642578,296.88462296516536, 177.74691483993485, -26.025840759277344,380.21559817633783, 261.55989284349846, -14.566468238830566,356.3631714723711, 204.06314664886133, -19.21812629699707,344.15477582835814, 164.22603421473298, -22.126596450805664,336.2192177937093, 133.74990109302476, -24.1788387298584,413.48752205729966, 256.5942808739393, -13.69868278503418,399.84315255793257, 200.62078920165828, -17.116498947143555,394.27314031584433, 161.63547748013673, -18.203872680664062,390.28035532890783, 131.32627112390998, -18.75360679626465,445.7378323797108, 262.1373820929111, -13.737937927246094,450.4700659213333, 220.2472896804735, -16.401357650756836,456.6951664070509, 192.40035318532415, -17.283557891845703,460.42047459862897, 165.55744192450385, -17.349023818969727
116,429.1789816386252, 362.0584062479668, -0.0006206110119819641,378.4262860979103, 363.8718274269445, -6.030442237854004,329.67623529967454, 352.9985821782532, -11.973443984985352,284.55432970589254, 348.56694188543247, -17.504501342773438,243.27633357780263, 356.0576136865561, -23.54261016845703,346.644198432332, 279.7351367457036, -15.898059844970703,318.67269353388826, 233.89803311679674, -20.50113296508789,304.58067458460243, 203.57364282308848, -22.86003303527832,295.44798674550725, 180.30970975312854, -24.555233001708984,379.7950543536238, 262.73906725076887, -15.478978157043457,355.1639556811191, 204.31647245380222, -20.563308715820312,343.046701258048, 164.16844813885, -22.650535583496094,335.3608261271672, 134.1569023626244, -23.809049606323242,413.0303005931232, 257.18145349572364, -14.853934288024902,398.825610100515, 200.2394014627512, -18.471418380737305,393.120139609991, 160.66412853319207, -18.547611236572266,389.0157270565058, 130.1677110539937, -18.126354217529297,444.8022907228985, 263.12848220548915, -14.78244400024414,450.0455301423998, 220.25529144322476, -17.27823829650879,456.53929024283855, 192.16929699778504, -17.433658599853516,460.3107779445471, 165.16119324217442, -16.74329376220703
171,432.6923347291594, 358.5294300744355, -0.0005624741315841675,382.2432771696798, 359.7853637763751, -6.0277509689331055,334.2113543906977, 349.7245676153845, -11.74730396270752,288.5506900106607, 346.1742299626849, -17.115650177001953,245.857974506754, 354.9059695478061, -23.106470108032227,349.3179797465342, 275.9275024221994, -15.009288787841797,319.8672564544952, 230.62802402985892, -19.497541427612305,303.92648464521295, 201.11753327396983, -22.116558074951172,293.0434208687632, 178.67272615872199, -24.166872024536133,381.07762726582746, 259.6932461959548, -14.521491050720215,356.10603958535734, 201.57363029710638, -19.23006248474121,342.941981302535, 163.20410317343612, -21.4642333984375,334.1904902276908, 134.9051434656201, -22.97301483154297,413.21627355622394, 254.95928494360538, -13.90439224243164,399.82505825766304, 199.02071306255903, -17.199792861938477,394.16436620318575, 161.79484534338923, -17.438068389892578,389.6502366208027, 133.58719383497981, -17.371294021606445,444.1834479226431, 261.2279792824193, -13.875509262084961,449.407690335131, 220.10768739696988, -16.197647094726562,455.6370493601778, 193.99383641315458, -16.455596923828125,459.0264218026909, 169.07851482907398, -16.03670310974121
225,432.6923347291594, 358.5294300744355, -0.0005624741315841675,382.2432771696798, 359.7853637763751, -6.0277509689331055,334.2113543906977, 349.7245676153845, -11.74730396270752,288.5506900106607, 346.1742299626849, -17.115650177001953,245.857974506754, 354.9059695478061, -23.106470108032227,349.3179797465342, 275.9275024221994, -15.009288787841797,319.8672564544952, 230.62802402985892, -19.497541427612305,303.92648464521295, 201.11753327396983, -22.116558074951172,293.0434208687632, 178.67272615872199, -24.166872024536133,381.07762726582746, 259.6932461959548, -14.521491050720215,356.10603958535734, 201.57363029710638, -19.23006248474121,342.941981302535, 163.20410317343612, -21.4642333984375,334.1904902276908, 134.9051434656201, -22.97301483154297,413.21627355622394, 254.95928494360538, -13.90439224243164,399.82505825766304, 199.02071306255903, -17.199792861938477,394.16436620318575, 161.79484534338923, -17.438068389892578,389.6502366208027, 133.58719383497981, -17.371294021606445,444.1834479226431, 261.2279792824193, -13.875509262084961,449.407690335131, 220.10768739696988, -16.197647094726562,455.6370493601778, 193.99383641315458, -16.455596923828125,459.0264218026909, 169.07851482907398, -16.03670310974121
280,430.15064605709665, 361.63729601122395, -0.0006316304206848145,381.60078275591843, 364.862009808965, -8.114301681518555,333.7144042729456, 354.56101731935087, -14.962875366210938,288.19955122575976, 350.97470181704557, -21.194215774536133,245.82362134600743, 358.3887218869308, -27.92671775817871,347.7340132713119, 277.7991053159893, -16.93267822265625,318.96163697186796, 232.19821931770664, -21.74566650390625,303.9396243705638, 201.54473776483275, -24.319929122924805,294.0910166444175, 178.16938418607697, -26.35097885131836,380.91909821022443, 261.65271064984876, -16.02871322631836,356.21209890613744, 203.10357197426885, -21.129825592041016,343.5111565003422, 163.2280999145637, -23.619855880737305,335.05535281348546, 133.71219757770908, -25.2625789642334,414.3300198270545, 256.8935608880847, -15.234672546386719,400.32185617808017, 200.0386418324896, -18.90791130065918,394.2969629257908, 161.01686056471954, -19.535388946533203,389.60923860382536, 131.73493955467774, -19.689586639404297,446.845973172513, 263.0806735550175, -15.236770629882812,452.097591034874, 220.6810694759066, -17.92238998413086,458.65864250157034, 192.37783715019572, -18.549327850341797,462.0950260681677, 165.92327539816247, -18.38311004638672
332,429.2623060147998, 359.0766686750908, -0.0005839914083480835,380.11872584955194, 361.98426243531173, -6.993301868438721,332.0108146431716, 352.00843318768295, -13.50384521484375,286.51619164197155, 348.7190725057792, -19.52705955505371,244.00185547535466, 357.0999004805355, -26.153154373168945,347.15705351210124, 277.6164722820429, -16.88479995727539,318.1624405516697, 232.29150568079044, -21.762725830078125,303.2429219489164, 201.94625417924925, -24.262882232666016,293.5607429215509, 178.6118981944491, -26.114086151123047,380.06368936593645, 261.1530371049637, -16.338478088378906,354.9894318228694, 202.75286713697932, -21.656713485717773,342.3831142645399, 162.99830731883017, -24.018705368041992,334.2659714467611, 133.27107166762812, -25.43599510192871,413.32400421920397, 255.9180684140469, -15.705828666687012,398.9919848111662, 199.23845778438528, -19.565752029418945,393.01439942718633, 160.31065949930536, -20.050676345825195,388.6524938183326, 130.59969618880976, -19.990581512451172,445.5589246408839, 261.6968681320842, -15.716630935668945,451.12374301380214, 219.54629589183958, -18.46339225769043,457.8741708663815, 191.78514987528354, -19.023048400878906,461.6633917632688, 165.29948974869598, -18.720308303833008
388,428.19388245133376, 361.1007856997038, -0.0006142184138298035,380.2767865008519, 363.32371351035476, -8.936211585998535,332.8954941729364, 352.4391036150925, -15.591312408447266,287.55145193426483, 348.3371329322119, -21.736997604370117,245.13445922212355, 355.67891346842214, -28.319475173950195,346.3350471236454, 274.21898774092404, -14.597488403320312,318.2078456694742, 230.19446761418828, -19.019168853759766,303.64587894846886, 200.1679258766523, -22.03407096862793,294.135255561795, 176.78444056538981, -24.509593963623047,378.7803314370643, 258.2474754017633, -13.698660850524902,355.22295060455656, 201.84684288144211, -17.94969940185547,343.19379806565706, 163.28369454264225, -20.833410263061523,335.10432625009656, 134.40754985375838, -22.8878173828125,411.57639441067806, 253.90852301207545, -13.27536678314209,399.0875521180535, 199.03252221383363, -16.38628387451172,394.1077964105999, 161.88398530977307, -17.474849700927734,389.8805931013815, 133.40591911858544, -18.119165420532227,443.6633427759542, 260.8045285714892, -13.89133071899414,450.0685683470823, 220.11740107356826, -16.141401290893555,457.3069334083303, 193.20850515701244, -16.771625518798828,461.33257434666615, 167.06872595009082, -16.73835563659668
442,427.8043488541888, 360.22200157490477, -0.00044929981231689453,377.0415676663316, 361.37146635633883, -6.567595481872559,328.6750954237405, 350.259699066527, -12.53293514251709,283.4950015350037, 345.8172647138649, -18.212554931640625,242.5041476948871, 352.79583287550815, -24.407323837280273,344.87293649271885, 274.67783559106533, -14.630949020385742,317.0310189915919, 229.46335896241797, -18.884349822998047,303.5438641063189, 199.40698212741967, -21.0010986328125,295.1440423441797, 176.60034109450243, -22.64804458618164,377.8823430797061, 258.61567025954537, -14.44842529296875,353.658810723784, 201.22777254113956, -19.238285064697266,341.8980825446188, 162.4487566389459, -21.511037826538086,334.4045494946563, 134.21559212548402, -22.8275089263916,411.3148695267426, 254.0435946967699, -14.33458137512207,397.64033963658443, 198.27660574797608, -17.958906173706055,391.9669019091017, 160.39770441787823, -18.523727416992188,387.58014106746316, 132.172219687086, -18.485002517700195,443.5905730203706, 260.7283755365355, -14.903814315795898,449.3732878270134, 219.0118419105796, -17.524703979492188,455.91789623982766, 191.47446991929579, -18.003917694091797,459.34576630244453, 165.41836708190328, -17.613143920898438
496,427.6885719634302, 359.26623397462504, -0.0005270540714263916,377.13059114294794, 360.7801801360108, -7.7232513427734375,329.53365179645886, 349.4777023660518, -14.325797080993652,285.8992797871029, 343.63073250658806, -20.433292388916016,246.3809866364212, 348.46439182171974, -27.075660705566406,345.57409634914967, 275.4441458843862, -16.07889747619629,318.8389936790327, 229.64894861231582, -20.715513229370117,305.33470651698786, 198.94414742277178, -23.00796127319336,296.75043275887026, 175.7648054357834, -24.750619888305664,378.71184533919404, 259.3339669604184, -15.456849098205566,354.4628747398771, 202.21580604648796, -20.619993209838867,341.8765019528652, 163.28233454976194, -23.22018051147461,333.67386128964347, 135.2074593337572, -24.73720359802246,411.89098407346074, 254.0957557587759, -14.937182426452637,397.89665569555905, 198.3549943036276, -18.885501861572266,391.02101853245745, 160.1658017104221, -19.723058700561523,385.63467890483037, 132.07566679331512, -19.847749710083008,443.9296258610801, 259.51937860190776, -15.156448364257812,448.41862001779486, 217.154016267151, -18.143585205078125,453.1561113135688, 188.8639003117788, -18.839336395263672,454.9828049235136, 162.82470323064217, -18.572734832763672
549,431.16063243492033, 359.0969020741519, -0.00038298964500427246,379.30792395345304, 360.241251215544, -6.359853744506836,330.0890451068528, 348.521901879918, -11.975367546081543,284.09094812285775, 342.0498572396678, -17.336963653564453,242.4956789701586, 347.6303727903517, -23.267047882080078,345.0497128786278, 273.6242944296906, -13.636375427246094,316.768713120084, 227.99857105293614, -17.589096069335938,302.66412873845786, 197.64027457814012, -19.579498291015625,293.70979445471164, 174.77404992549793, -21.21769905090332,377.3656213898354, 256.9912402886298, -13.370534896850586,352.0910057005592, 199.57619044052404, -17.702594757080078,339.5778750013537, 160.98554530283337, -19.880205154418945,331.7204767829514, 132.90076179074202, -21.187458038330078,410.3278029375069, 251.75057789374742, -13.206038475036621,395.5483922026286, 196.14481098102735, -16.551490783691406,389.2393707554999, 158.7994735042841, -17.147008895874023,384.85363501296024, 131.13610373563282, -17.110139846801758,442.34977642451446, 257.4716478211898, -13.706331253051758,446.99544969229635, 215.8415543179172, -16.301170349121094,452.7168323114732, 188.6132238475979, -16.8179931640625,455.9756141396597, 163.0554282795403, -16.42440414428711
602,428.3924876929751, 359.7808312014508, -0.0004457905888557434,377.5682066864858, 360.7016287128529, -6.723934650421143,329.5653274647787, 348.5276737014981, -12.50162410736084,284.7750052643457, 341.7563786234565, -18.12348175048828,243.5463609402205, 346.81266367020197, -24.291513442993164,343.94641056575335, 273.5760221338069, -13.452493667602539,315.7152678500505, 229.42317590181113, -17.784854888916016,300.97089588477235, 199.3774201215173, -20.374940872192383,291.2483163659652, 176.2776671317674, -22.488637924194336,375.960793996803, 257.39716934685185, -13.552435874938965,351.21280863888194, 201.34116754271275, -18.218168258666992,338.6379022575884, 163.10418607660864, -20.92531967163086,330.61361416907897, 134.94315446920552, -22.610605239868164,408.63428536574196, 252.5634125884834, -13.882288932800293,395.0166437744357, 198.01924505102485, -17.473224639892578,388.9812488818818, 160.73515274964464, -18.3315372467041,384.5376154060867, 132.56721068485777, -18.594602584838867,440.51581770727523, 258.93508429425884, -14.98764419555664,445.9162952931289, 218.0129588006559, -17.73525619506836,451.6798118343354, 190.76950711092826, -18.353042602539062,454.990646158597, 164.70212234202427, -18.132192611694336
657,428.3924876929751, 359.7808312014508, -0.0004457905888557434,377.5682066864858, 360.7016287128529, -6.723934650421143,329.5653274647787, 348.5276737014981, -12.50162410736084,284.7750052643457, 341.7563786234565, -18.12348175048828,243.5463609402205, 346.81266367020197, -24.291513442993164,343.94641056575335, 273.5760221338069, -13.452493667602539,315.7152678500505, 229.42317590181113, -17.784854888916016,300.97089588477235, 199.3774201215173, -20.374940872192383,291.2483163659652, 176.2776671317674, -22.488637924194336,375.960793996803, 257.39716934685185, -13.552435874938965,351.21280863888194, 201.34116754271275, -18.218168258666992,338.6379022575884, 163.10418607660864, -20.92531967163086,330.61361416907897, 134.94315446920552, -22.610605239868164,408.63428536574196, 252.5634125884834, -13.882288932800293,395.0166437744357, 198.01924505102485, -17.473224639892578,388.9812488818818, 160.73515274964464, -18.3315372467041,384.5376154060867, 132.56721068485777, -18.594602584838867,440.51581770727523, 258.93508429425884, -14.98764419555664,445.9162952931289, 218.0129588006559, -17.73525619506836,451.6798118343354, 190.76950711092826, -18.353042602539062,454.990646158597, 164.70212234202427, -18.132192611694336
709,428.78657680546394, 358.5392798576289, -0.00023154914379119873,374.24996648014786, 360.00111956698316, -6.0947041511535645,323.78568074313563, 344.1039289303334, -11.044227600097656,278.76818395466614, 331.2535059334549, -15.870223045349121,238.86272730967843, 331.464264712149, -21.123945236206055,344.90301842832986, 269.15866861038074, -11.505483627319336,317.7607882661138, 225.11994950181696, -15.244072914123535,302.5689443370736, 197.0390737329972, -17.650054931640625,290.8498977435303, 175.53449467832152, -19.65896987915039,377.97011226740926, 251.37285203739987, -11.603379249572754,353.2440671616747, 196.37008503672038, -15.714981079101562,339.2598858398125, 161.3722424860601, -18.115184783935547,328.63915817654015, 136.0722500900968, -19.55519676208496,410.9325333288482, 245.2898507664277, -11.930670738220215,396.17097203090333, 191.73708844409714, -15.282893180847168,387.2568470745538, 157.51360120951176, -16.027280807495117,379.2970484515917, 132.0791724790217, -16.28191375732422,442.61045391379366, 250.9514385655388, -12.98974609375,444.6291275026298, 209.84236914483913, -15.279616355895996,446.28421232386836, 184.01494675313242, -15.468587875366211,445.66620490032653, 159.89134885335798, -15.032011985778809
763,428.78657680546394, 358.5392798576289, -0.00023154914379119873,374.24996648014786, 360.00111956698316, -6.0947041511535645,323.78568074313563, 344.1039289303334, -11.044227600097656,278.76818395466614, 331.2535059334549, -15.870223045349121,238.86272730967843, 331.464264712149, -21.123945236206055,344.90301842832986, 269.15866861038074, -11.505483627319336,317.7607882661138, 225.11994950181696, -15.244072914123535,302.5689443370736, 197.0390737329972, -17.650054931640625,290.8498977435303, 175.53449467832152, -19.65896987915039,377.97011226740926, 251.37285203739987, -11.603379249572754,353.2440671616747, 196.37008503672038, -15.714981079101562,339.2598858398125, 161.3722424860601, -18.115184783935547,328.63915817654015, 136.0722500900968, -19.55519676208496,410.9325333288482, 245.2898507664277, -11.930670738220215,396.17097203090333, 191.73708844409714, -15.282893180847168,387.2568470745538, 157.51360120951176, -16.027280807495117,379.2970484515917, 132.0791724790217, -16.28191375732422,442.61045391379366, 250.9514385655388, -12.98974609375,444.6291275026298, 209.84236914483913, -15.279616355895996,446.28421232386836, 184.01494675313242, -15.468587875366211,445.66620490032653, 159.89134885335798, -15.032011985778809
819,427.5929884786047, 358.07454806960766, -0.0005262866616249084,377.554811976686, 351.5596659427788, -7.869894981384277,330.99709644687954, 327.91358582574054, -12.480326652526855,290.7889728560097, 305.1011221461306, -16.836267471313477,258.82102049762716, 291.7295772925339, -21.284170150756836,350.25761225547825, 251.95321400472056, -6.468332290649414,325.96130342479773, 212.7474012246193, -9.563143730163574,311.548670788267, 185.86121399721247, -13.012774467468262,299.5885956489117, 164.01828425521572, -16.492727279663086,381.6532323630888, 236.35865936861077, -6.087428569793701,363.24299817509893, 188.36169364923984, -8.632481575012207,350.2010302018207, 159.2151553154061, -12.124018669128418,339.37494437929865, 140.25505150466728, -15.409821510314941,412.5341062572931, 233.49560685384924, -6.787590026855469,403.3115715172949, 187.76244657138201, -9.889018058776855,394.85369521891823, 162.1415151496119, -13.0472993850708,386.5604734914286, 145.90486187915866, -15.80073356628418,442.42237791553623, 242.13659295321648, -8.504234313964844,442.49874217616315, 204.95543481317668, -11.486018180847168,439.0994248893228, 184.61687370795443, -13.568052291870117,434.1347336852735, 169.06632454580182, -15.380965232849121
872,434.40332159661585, 355.462142754774, -0.0011355355381965637,381.4758214430249, 339.6641914395234, -5.323689937591553,341.33707686949504, 312.4913301628502, -7.57829475402832,311.80283980072045, 286.7987245265382, -11.031790733337402,298.3483688223141, 266.4563374651698, -13.796810150146484,360.8871994580436, 230.19267182991877, 7.3940110206604,352.16819207105334, 189.1858652204515, 8.772266387939453,349.6380481155771, 163.11027998622865, 9.008188247680664,350.2984024779121, 140.41304601422664, 9.324958801269531,387.36565856605336, 221.34323653564002, 4.862208366394043,377.10133444873475, 172.29492147454144, 3.907911777496338,371.3674063446213, 153.51399703627055, 0.7886374592781067,367.9158807760171, 140.43510525705108, 0.046462416648864746,413.11643382478354, 225.24672389347663, 0.620215654373169,404.2347484468929, 188.23784560123397, -6.681424140930176,394.1368819662969, 212.8433056060289, -13.62474536895752,390.7860678542021, 235.667940352388, -15.313272476196289,439.9254846199258, 236.74072292285325, -4.161673545837402,425.93346110666425, 211.7721386121656, -12.120335578918457,412.5947666790109, 227.24762378980148, -17.37909698486328,406.71192698094654, 244.42215096861716, -18.690885543823242
1213,463.21849590213503, 339.9675374458596, -0.00006008148193359375,428.11438990187935, 289.76433391316846, 6.969161510467529,401.97705095173626, 245.9578083881048, 1.1560635566711426,390.72666240778756, 203.01770630990944, -4.117874622344971,396.18280490198396, 162.22100997537802, -3.7471208572387695,385.1767574966043, 244.6518151581673, -21.30059242248535,316.56391561808016, 280.5650901034446, -17.61400032043457,326.88926792028246, 291.91283043568717, -6.266401767730713,340.99609361427366, 285.6940318041429, -0.5266572833061218,392.9332273035346, 269.35642231708437, -28.26595115661621,318.90592857491856, 307.72410387670567, -23.762922286987305,332.7793934056352, 315.8543532083833, -10.70873737335205,347.2347113073971, 308.70455146430976, -4.72701358795166,400.2090188718068, 297.5856643624761, -33.85890197753906,331.3631530208983, 329.27527363020727, -27.026813507080078,345.4699269080182, 336.38545414846953, -13.762895584106445,360.346836191947, 329.9136818761693, -8.442449569702148,404.18573267317123, 327.7285602121683, -39.05818176269531,348.2171270849289, 347.2298213481151, -34.311546325683594,360.7968877940331, 350.5980352524706, -26.086429595947266,372.9853176385413, 346.1446296201957, -23.458288192749023
1290,452.36847446023023, 326.69535597985174, -0.0008341670036315918,434.1511906263472, 281.2029427608827, 4.617321968078613,409.1276209207976, 237.98264170283755, 1.089284062385559,395.9131621790013, 194.662461289175, -1.5654832124710083,399.1868799574361, 152.84862476039382, -1.5489457845687866,381.7899701148128, 251.60674395502377, -19.859943389892578,333.18641811677554, 250.97392127601128, -20.785526275634766,332.2279357313892, 247.5861854707028, -17.995553970336914,335.98688585321696, 241.773055138841, -16.645706176757812,377.37975178965706, 283.17001418225703, -24.074756622314453,327.5088331322853, 291.55101156247815, -22.721281051635742,337.63343570179364, 291.9476218167267, -16.18967056274414,349.3485701812875, 285.31462237321233, -13.960179328918457,378.5301799986855, 313.70438315471256, -26.838987350463867,334.70659640048865, 321.6925521948431, -24.536434173583984,346.6409335133921, 321.60486725849813, -17.78607940673828,360.01123499721086, 316.08419585215927, -16.043779373168945,380.56157720353815, 339.92389479511166, -29.070045471191406,345.69154972181366, 346.4844017642933, -28.05988121032715,355.2711398120103, 344.1399383422858, -24.356422424316406,365.9332950456183, 336.65627842747216, -23.871957778930664
1489,455.48230329715113, 332.17037489177875, -0.0002527683973312378,433.862471241788, 284.2719211088145, 12.573243141174316,414.04028687250326, 247.4426945713992, 10.751527786254883,399.8561616023305, 215.62020530111693, 9.724456787109375,400.9611115616631, 188.11142066968608, 11.558770179748535,373.5929176627137, 253.0606820868956, -14.376554489135742,321.919197524601, 269.729616844952, -7.021854400634766,323.58353409698117, 280.7981661224938, -0.9464361071586609,332.33436074450645, 281.8477740540863, -0.7511171102523804,368.1838798764105, 280.7234828370337, -20.190895080566406,319.1821755646089, 297.7685695862531, -11.794766426086426,327.4150887587996, 307.5509204758224, -3.1720659732818604,341.83998128404147, 306.3269014641637, -1.3245878219604492,368.2136179488876, 310.34028584757954, -23.017162322998047,324.48364024640307, 322.7859052779482, -12.7849702835083,335.89407588855147, 331.38527677749084, -3.397132158279419,352.0900639306946, 329.59093507932045, -2.1580052375793457,371.3325698393887, 340.10753659870943, -24.765596389770508,336.8679506698425, 346.20917709062815, -15.629788398742676,348.2781528240312, 351.2587647307601, -9.466175079345703,363.0016192170139, 351.54716263313384, -9.803243637084961
1565,449.25348651020846, 328.13616343106514, -0.001163780689239502,438.40251297687183, 286.2925074547739, 5.749524116516113,418.7792533194644, 242.96567338454545, 0.029342547059059143,406.4023172237727, 203.08912147825404, -5.487142562866211,411.09690772583565, 168.14188918117026, -9.410017013549805,372.28961314212944, 262.3642125432029, -15.484067916870117,321.57385732170366, 264.08107527421544, -12.438102722167969,322.01851249404046, 269.7432307275376, -4.6217217445373535,329.04641265916604, 269.6397737374467, 0.9212088584899902,361.81133239036194, 290.22172535608746, -19.026416778564453,317.60138324359565, 299.32000231000956, -12.753634452819824,328.88261612133124, 301.8691059192315, -4.654266357421875,341.77649514593145, 295.8188467334003, -1.3628737926483154,358.9598571007713, 317.52039796967244, -20.595212936401367,323.77487881914067, 323.5999278098732, -12.664443016052246,338.2693961101395, 324.432828715423, -6.365413188934326,352.91518254388717, 318.4467102923321, -5.628113746643066,359.19954270925723, 342.9944278920884, -21.37253189086914,332.734921226661, 345.61803840638623, -16.077226638793945,345.5163767115503, 344.977231962374, -12.884007453918457,356.7692019469182, 339.2345934740916, -12.692336082458496
1643,452.7600828093698, 323.0470678584649, -0.0016913041472434998,437.5395821895552, 283.28984354458515, 5.30424690246582,413.5304312062575, 240.78386524104377, 0.46891069412231445,401.229742970317, 200.21030141213694, -4.921051502227783,408.5145023600401, 161.97687362453507, -10.51868724822998,368.81315461315506, 264.27616736087276, -11.976926803588867,322.82663796625945, 268.20459210873764, -8.591320037841797,323.28420217534114, 272.4219606061565, -3.245476245880127,327.348051321383, 271.47485024063326, 0.758827805519104,360.9316740313346, 294.9761327746362, -15.122394561767578,323.60069081755796, 304.2300803980843, -9.464865684509277,338.1290607825955, 308.4258450601696, -5.4373040199279785,349.19400622494993, 305.11773722163315, -4.3675737380981445,360.0267458767304, 323.46538203701806, -16.174245834350586,330.37115664941155, 329.2406658064757, -9.955002784729004,346.57578176700997, 331.55085479147886, -7.219082355499268,359.34792527842575, 327.8817174990681, -7.790140151977539,360.91859998210896, 349.6612319937374, -16.25858497619629,339.5023798441169, 352.43620416196677, -13.201333999633789,353.4417748439124, 352.18817496377255, -10.890129089355469,362.2003209678936, 347.31130216662507, -9.596855163574219
1696,453.8857474606732, 323.59296529920005, -0.001080244779586792,438.14131916568186, 283.1359434049541, 7.039587497711182,414.5825449135244, 241.80525455633105, 2.7662642002105713,402.3232931667418, 202.37299644902126, -2.102203130722046,408.53036706234667, 163.73039094017668, -7.183642387390137,370.8696682443499, 260.7820304542538, -12.732770919799805,323.910528451443, 263.5738764037957, -9.80517578125,321.8147947264517, 269.3726804090198, -4.451570987701416,325.1398438579839, 269.68754484389797, -0.6643020510673523,362.1553278780057, 290.7154034719735, -16.646411895751953,323.8657793321023, 299.85403827882243, -10.420891761779785,336.81800607632107, 305.84384113524777, -5.084470748901367,348.2429190235912, 303.2188962510949, -3.6627774238586426,360.5448788945596, 319.30380746986583, -18.259992599487305,330.10986256587586, 325.4190736433059, -11.18076229095459,345.67829879982133, 329.22625456752814, -6.982398509979248,358.80376608214243, 326.16212439032995, -7.091054916381836,360.92265583377855, 346.06486493019304, -18.865097045898438,338.6789566664918, 348.92853128518993, -14.821134567260742,352.5343781303216, 349.762707880295, -11.444350242614746,361.9884507461841, 345.64601116298644, -9.885576248168945
1749,455.49198270405407, 323.6941057294264, -0.0008574053645133972,438.8087083208126, 281.93107912640244, 8.83201789855957,414.75162642353064, 240.0474601656399, 5.121925354003906,400.962073358613, 201.5249971661264, 0.7910767793655396,406.33872598378343, 167.0426966781967, -3.1812262535095215,367.5704361625165, 259.97046332899777, -10.521055221557617,321.34856876872277, 266.405051363647, -5.588840961456299,321.0302395116156, 271.36857582939535, -0.4550155997276306,326.22206421643625, 270.1775263458311, 2.2561285495758057,359.60407518709616, 290.47786205446437, -15.106893539428711,322.3993926167497, 302.3450625167363, -7.256319522857666,334.54333280458684, 306.62828351864766, -2.8393397331237793,346.64299719209254, 302.44810120354794, -2.5319833755493164,358.8759423024853, 319.8129336803571, -17.1283016204834,329.8090400900781, 327.247390692972, -8.326953887939453,344.2563039002196, 329.8182541886184, -4.594729900360107,358.0089196439382, 325.2177838374, -5.481059551239014,359.9144566883085, 347.24174832777976, -18.020910263061523,338.8618611609045, 351.20885944570404, -12.840963363647461,352.1049985194703, 351.24159269057253, -9.654783248901367,361.53765892869626, 345.14399442230825, -8.753432273864746
1803,455.49198270405407, 323.6941057294264, -0.0008574053645133972,438.8087083208126, 281.93107912640244, 8.83201789855957,414.75162642353064, 240.0474601656399, 5.121925354003906,400.962073358613, 201.5249971661264, 0.7910767793655396,406.33872598378343, 167.0426966781967, -3.1812262535095215,367.5704361625165, 259.97046332899777, -10.521055221557617,321.34856876872277, 266.405051363647, -5.588840961456299,321.0302395116156, 271.36857582939535, -0.4550155997276306,326.22206421643625, 270.1775263458311, 2.2561285495758057,359.60407518709616, 290.47786205446437, -15.106893539428711,322.3993926167497, 302.3450625167363, -7.256319522857666,334.54333280458684, 306.62828351864766, -2.8393397331237793,346.64299719209254, 302.44810120354794, -2.5319833755493164,358.8759423024853, 319.8129336803571, -17.1283016204834,329.8090400900781, 327.247390692972, -8.326953887939453,344.2563039002196, 329.8182541886184, -4.594729900360107,358.0089196439382, 325.2177838374, -5.481059551239014,359.9144566883085, 347.24174832777976, -18.020910263061523,338.8618611609045, 351.20885944570404, -12.840963363647461,352.1049985194703, 351.24159269057253, -9.654783248901367,361.53765892869626, 345.14399442230825, -8.753432273864746
1858,450.199219118637, 321.95085515133604, -0.001788802444934845,434.40576372269646, 281.9058771696042, 6.662776947021484,411.26101136922375, 239.36001103696933, 2.5327274799346924,399.04530257689055, 199.08332056378538, -2.1368722915649414,406.17508453641585, 160.90854241738467, -6.588890552520752,365.5727615915869, 262.53710921706204, -10.618804931640625,321.5432635593719, 269.37253636079436, -6.591064929962158,322.2084310409352, 273.05687794782676, -2.1167080402374268,326.22643606117487, 271.6310666726655, 0.7113207578659058,358.41230554225916, 293.6457900995589, -14.437554359436035,322.48090066004363, 306.1507821081108, -8.477105140686035,336.6717175400139, 309.5146571165556, -5.622963905334473,347.87191736457453, 305.2702092293401, -5.678250312805176,358.14964938031636, 322.5959032503199, -15.946948051452637,330.066381736071, 331.107144432891, -9.077302932739258,346.01615626585476, 332.6071774289702, -6.702256202697754,358.94395201619426, 327.7453668703966, -7.928088188171387,359.6139443300865, 349.21929715240697, -16.476465225219727,339.93991206845027, 354.21089359315533, -12.725024223327637,353.84175133608755, 353.53007251018727, -10.553767204284668,362.7097246378267, 347.31888372727013, -9.923015594482422
1916,454.8702006751445, 323.5929377806795, -0.0009551644325256348,438.42157810754816, 282.61796340978606, 7.319660663604736,413.8587388731529, 241.41554656214683, 4.294560432434082,400.36011932370747, 203.52807878401512, 0.4185047745704651,405.02003902489486, 169.13103965184447, -3.3897218704223633,368.02157767102665, 264.08711841413356, -10.025890350341797,321.3622490902625, 267.61295989456886, -6.680050373077393,316.6101438858299, 271.34058876905186, -1.2321584224700928,317.9032541439699, 271.28535640120174, 3.1261472702026367,360.21912502514624, 293.9995489933797, -13.835570335388184,322.318651828692, 303.2758985973848, -7.768084526062012,335.89628420798044, 306.44958435108805, -3.199453353881836,348.26533605127497, 303.3933777507594, -1.5062079429626465,359.78604654042397, 321.874214148648, -15.456026077270508,330.52164470711546, 328.71159627690497, -8.659872055053711,346.1408526159396, 329.85365834321755, -5.284455299377441,359.66611343533714, 325.81316466209967, -5.167186737060547,361.71654143932346, 347.57514319579496, -16.020797729492188,341.04535961241896, 351.67012879590516, -12.592485427856445,354.40931834118624, 350.2198090585499, -10.059969902038574,363.6016036432283, 344.22132872930507, -8.356734275817871
